Year,Team ID,Team Name,Games,Wins,Loses
1985,ATL,Atlanta Braves,162,66,96
1985,BAL,Baltimore Orioles,161,83,78
1985,BOS,Boston Red Sox,163,81,81
1985,CAL,California Angels,162,90,72
1985,CHA,Chicago White Sox,163,85,77
1985,CHN,Chicago Cubs,162,77,84
1985,CIN,Cincinnati Reds,162,89,72
1985,CLE,Cleveland Indians,162,60,102
1985,DET,Detroit Tigers,161,84,77
1985,HOU,Houston Astros,162,83,79
1985,KCA,Kansas City Royals,162,91,71
1985,LAN,Los Angeles Dodgers,162,95,67
1985,MIN,Minnesota Twins,162,77,85
1985,ML4,Milwaukee Brewers,161,71,90
1985,MON,Montreal Expos,161,84,77
1985,NYA,New York Yankees,161,97,64
1985,NYN,New York Mets,162,98,64
1985,OAK,Oakland Athletics,162,77,85
1985,PHI,Philadelphia Phillies,162,75,87
1985,PIT,Pittsburgh Pirates,161,57,104
1985,SDN,San Diego Padres,162,83,79
1985,SEA,Seattle Mariners,162,74,88
1985,SFN,San Francisco Giants,162,62,100
1985,SLN,St. Louis Cardinals,162,101,61
1985,TEX,Texas Rangers,161,62,99
1985,TOR,Toronto Blue Jays,161,99,62
1986,ATL,Atlanta Braves,161,72,89
1986,BAL,Baltimore Orioles,162,73,89
1986,BOS,Boston Red Sox,161,95,66
1986,CAL,California Angels,162,92,70
1986,CHA,Chicago White Sox,162,72,90
1986,CHN,Chicago Cubs,160,70,90
1986,CIN,Cincinnati Reds,162,86,76
1986,CLE,Cleveland Indians,163,84,78
1986,DET,Detroit Tigers,162,87,75
1986,HOU,Houston Astros,162,96,66
1986,KCA,Kansas City Royals,162,76,86
1986,LAN,Los Angeles Dodgers,162,73,89
1986,MIN,Minnesota Twins,162,71,91
1986,ML4,Milwaukee Brewers,161,77,84
1986,MON,Montreal Expos,161,78,83
1986,NYA,New York Yankees,162,90,72
1986,NYN,New York Mets,162,108,54
1986,OAK,Oakland Athletics,162,76,86
1986,PHI,Philadelphia Phillies,161,86,75
1986,PIT,Pittsburgh Pirates,162,64,98
1986,SDN,San Diego Padres,162,74,88
1986,SEA,Seattle Mariners,162,67,95
1986,SFN,San Francisco Giants,162,83,79
1986,SLN,St. Louis Cardinals,161,79,82
1986,TEX,Texas Rangers,162,87,75
1986,TOR,Toronto Blue Jays,163,86,76
1987,ATL,Atlanta Braves,161,69,92
1987,BAL,Baltimore Orioles,162,67,95
1987,BOS,Boston Red Sox,162,78,84
1987,CAL,California Angels,162,75,87
1987,CHA,Chicago White Sox,162,77,85
1987,CHN,Chicago Cubs,161,76,85
1987,CIN,Cincinnati Reds,162,84,78
1987,CLE,Cleveland Indians,162,61,101
1987,DET,Detroit Tigers,162,98,64
1987,HOU,Houston Astros,162,76,86
1987,KCA,Kansas City Royals,162,83,79
1987,LAN,Los Angeles Dodgers,162,73,89
1987,MIN,Minnesota Twins,162,85,77
1987,ML4,Milwaukee Brewers,162,91,71
1987,MON,Montreal Expos,162,91,71
1987,NYA,New York Yankees,162,89,73
1987,NYN,New York Mets,162,92,70
1987,OAK,Oakland Athletics,162,81,81
1987,PHI,Philadelphia Phillies,162,80,82
1987,PIT,Pittsburgh Pirates,162,80,82
1987,SDN,San Diego Padres,162,65,97
1987,SEA,Seattle Mariners,162,78,84
1987,SFN,San Francisco Giants,162,90,72
1987,SLN,St. Louis Cardinals,162,95,67
1987,TEX,Texas Rangers,162,75,87
1987,TOR,Toronto Blue Jays,162,96,66
1988,ATL,Atlanta Braves,160,54,106
1988,BAL,Baltimore Orioles,161,54,107
1988,BOS,Boston Red Sox,162,89,73
1988,CAL,California Angels,162,75,87
1988,CHA,Chicago White Sox,161,71,90
1988,CHN,Chicago Cubs,163,77,85
1988,CIN,Cincinnati Reds,161,87,74
1988,CLE,Cleveland Indians,162,78,84
1988,DET,Detroit Tigers,162,88,74
1988,HOU,Houston Astros,162,82,80
1988,KCA,Kansas City Royals,161,84,77
1988,LAN,Los Angeles Dodgers,162,94,67
1988,MIN,Minnesota Twins,162,91,71
1988,ML4,Milwaukee Brewers,162,87,75
1988,MON,Montreal Expos,163,81,81
1988,NYA,New York Yankees,161,85,76
1988,NYN,New York Mets,160,100,60
1988,OAK,Oakland Athletics,162,104,58
1988,PHI,Philadelphia Phillies,162,65,96
1988,PIT,Pittsburgh Pirates,160,85,75
1988,SDN,San Diego Padres,161,83,78
1988,SEA,Seattle Mariners,161,68,93
1988,SFN,San Francisco Giants,162,83,79
1988,SLN,St. Louis Cardinals,162,76,86
1988,TEX,Texas Rangers,161,70,91
1988,TOR,Toronto Blue Jays,162,87,75
1989,ATL,Atlanta Braves,161,63,97
1989,BAL,Baltimore Orioles,162,87,75
1989,BOS,Boston Red Sox,162,83,79
1989,CAL,California Angels,162,91,71
1989,CHA,Chicago White Sox,161,69,92
1989,CHN,Chicago Cubs,162,93,69
1989,CIN,Cincinnati Reds,162,75,87
1989,CLE,Cleveland Indians,162,73,89
1989,DET,Detroit Tigers,162,59,103
1989,HOU,Houston Astros,162,86,76
1989,KCA,Kansas City Royals,162,92,70
1989,LAN,Los Angeles Dodgers,160,77,83
1989,MIN,Minnesota Twins,162,80,82
1989,ML4,Milwaukee Brewers,162,81,81
1989,MON,Montreal Expos,162,81,81
1989,NYA,New York Yankees,161,74,87
1989,NYN,New York Mets,162,87,75
1989,OAK,Oakland Athletics,162,99,63
1989,PHI,Philadelphia Phillies,163,67,95
1989,PIT,Pittsburgh Pirates,164,74,88
1989,SDN,San Diego Padres,162,89,73
1989,SEA,Seattle Mariners,162,73,89
1989,SFN,San Francisco Giants,162,92,70
1989,SLN,St. Louis Cardinals,164,86,76
1989,TEX,Texas Rangers,162,83,79
1989,TOR,Toronto Blue Jays,162,89,73
1990,ATL,Atlanta Braves,162,65,97
1990,BAL,Baltimore Orioles,161,76,85
1990,BOS,Boston Red Sox,162,88,74
1990,CAL,California Angels,162,80,82
1990,CHA,Chicago White Sox,162,94,68
1990,CHN,Chicago Cubs,162,77,85
1990,CIN,Cincinnati Reds,162,91,71
1990,CLE,Cleveland Indians,162,77,85
1990,DET,Detroit Tigers,162,79,83
1990,HOU,Houston Astros,162,75,87
1990,KCA,Kansas City Royals,161,75,86
1990,LAN,Los Angeles Dodgers,162,86,76
1990,MIN,Minnesota Twins,162,74,88
1990,ML4,Milwaukee Brewers,162,74,88
1990,MON,Montreal Expos,162,85,77
1990,NYA,New York Yankees,162,67,95
1990,NYN,New York Mets,162,91,71
1990,OAK,Oakland Athletics,162,103,59
1990,PHI,Philadelphia Phillies,162,77,85
1990,PIT,Pittsburgh Pirates,162,95,67
1990,SDN,San Diego Padres,162,75,87
1990,SEA,Seattle Mariners,162,77,85
1990,SFN,San Francisco Giants,162,85,77
1990,SLN,St. Louis Cardinals,162,70,92
1990,TEX,Texas Rangers,162,83,79
1990,TOR,Toronto Blue Jays,162,86,76
1991,ATL,Atlanta Braves,162,94,68
1991,BAL,Baltimore Orioles,162,67,95
1991,BOS,Boston Red Sox,162,84,78
1991,CAL,California Angels,162,81,81
1991,CHA,Chicago White Sox,162,87,75
1991,CHN,Chicago Cubs,160,77,83
1991,CIN,Cincinnati Reds,162,74,88
1991,CLE,Cleveland Indians,162,57,105
1991,DET,Detroit Tigers,162,84,78
1991,HOU,Houston Astros,162,65,97
1991,KCA,Kansas City Royals,162,82,80
1991,LAN,Los Angeles Dodgers,162,93,69
1991,MIN,Minnesota Twins,162,95,67
1991,ML4,Milwaukee Brewers,162,83,79
1991,MON,Montreal Expos,161,71,90
1991,NYA,New York Yankees,162,71,91
1991,NYN,New York Mets,161,77,84
1991,OAK,Oakland Athletics,162,84,78
1991,PHI,Philadelphia Phillies,162,78,84
1991,PIT,Pittsburgh Pirates,162,98,64
1991,SDN,San Diego Padres,162,84,78
1991,SEA,Seattle Mariners,162,83,79
1991,SFN,San Francisco Giants,162,75,87
1991,SLN,St. Louis Cardinals,162,84,78
1991,TEX,Texas Rangers,162,85,77
1991,TOR,Toronto Blue Jays,162,91,71
1992,ATL,Atlanta Braves,162,98,64
1992,BAL,Baltimore Orioles,162,89,73
1992,BOS,Boston Red Sox,162,73,89
1992,CAL,California Angels,162,72,90
1992,CHA,Chicago White Sox,162,86,76
1992,CHN,Chicago Cubs,162,78,84
1992,CIN,Cincinnati Reds,162,90,72
1992,CLE,Cleveland Indians,162,76,86
1992,DET,Detroit Tigers,162,75,87
1992,HOU,Houston Astros,162,81,81
1992,KCA,Kansas City Royals,162,72,90
1992,LAN,Los Angeles Dodgers,162,63,99
1992,MIN,Minnesota Twins,162,90,72
1992,ML4,Milwaukee Brewers,162,92,70
1992,MON,Montreal Expos,162,87,75
1992,NYA,New York Yankees,162,76,86
1992,NYN,New York Mets,162,72,90
1992,OAK,Oakland Athletics,162,96,66
1992,PHI,Philadelphia Phillies,162,70,92
1992,PIT,Pittsburgh Pirates,162,96,66
1992,SDN,San Diego Padres,162,82,80
1992,SEA,Seattle Mariners,162,64,98
1992,SFN,San Francisco Giants,162,72,90
1992,SLN,St. Louis Cardinals,162,83,79
1992,TEX,Texas Rangers,162,77,85
1992,TOR,Toronto Blue Jays,162,96,66
1993,ATL,Atlanta Braves,162,104,58
1993,BAL,Baltimore Orioles,162,85,77
1993,BOS,Boston Red Sox,162,80,82
1993,CAL,California Angels,162,71,91
1993,CHA,Chicago White Sox,162,94,68
1993,CHN,Chicago Cubs,163,84,78
1993,CIN,Cincinnati Reds,162,73,89
1993,CLE,Cleveland Indians,162,76,86
1993,COL,Colorado Rockies,162,67,95
1993,DET,Detroit Tigers,162,85,77
1993,FLO,Florida Marlins,162,64,98
1993,HOU,Houston Astros,162,85,77
1993,KCA,Kansas City Royals,162,84,78
1993,LAN,Los Angeles Dodgers,162,81,81
1993,MIN,Minnesota Twins,162,71,91
1993,ML4,Milwaukee Brewers,162,69,93
1993,MON,Montreal Expos,163,94,68
1993,NYA,New York Yankees,162,88,74
1993,NYN,New York Mets,162,59,103
1993,OAK,Oakland Athletics,162,68,94
1993,PHI,Philadelphia Phillies,162,97,65
1993,PIT,Pittsburgh Pirates,162,75,87
1993,SDN,San Diego Padres,162,61,101
1993,SEA,Seattle Mariners,162,82,80
1993,SFN,San Francisco Giants,162,103,59
1993,SLN,St. Louis Cardinals,162,87,75
1993,TEX,Texas Rangers,162,86,76
1993,TOR,Toronto Blue Jays,162,95,67
1994,ATL,Atlanta Braves,114,68,46
1994,BAL,Baltimore Orioles,112,63,49
1994,BOS,Boston Red Sox,115,54,61
1994,CAL,California Angels,115,47,68
1994,CHA,Chicago White Sox,113,67,46
1994,CHN,Chicago Cubs,113,49,64
1994,CIN,Cincinnati Reds,115,66,48
1994,CLE,Cleveland Indians,113,66,47
1994,COL,Colorado Rockies,117,53,64
1994,DET,Detroit Tigers,115,53,62
1994,FLO,Florida Marlins,115,51,64
1994,HOU,Houston Astros,115,66,49
1994,KCA,Kansas City Royals,115,64,51
1994,LAN,Los Angeles Dodgers,114,58,56
1994,MIN,Minnesota Twins,113,53,60
1994,ML4,Milwaukee Brewers,115,53,62
1994,MON,Montreal Expos,114,74,40
1994,NYA,New York Yankees,113,70,43
1994,NYN,New York Mets,113,55,58
1994,OAK,Oakland Athletics,114,51,63
1994,PHI,Philadelphia Phillies,115,54,61
1994,PIT,Pittsburgh Pirates,114,53,61
1994,SDN,San Diego Padres,117,47,70
1994,SEA,Seattle Mariners,112,49,63
1994,SFN,San Francisco Giants,115,55,60
1994,SLN,St. Louis Cardinals,115,53,61
1994,TEX,Texas Rangers,114,52,62
1994,TOR,Toronto Blue Jays,115,55,60
1995,ATL,Atlanta Braves,144,90,54
1995,BAL,Baltimore Orioles,144,71,73
1995,BOS,Boston Red Sox,144,86,58
1995,CAL,California Angels,145,78,67
1995,CHA,Chicago White Sox,145,68,76
1995,CHN,Chicago Cubs,144,73,71
1995,CIN,Cincinnati Reds,144,85,59
1995,CLE,Cleveland Indians,144,100,44
1995,COL,Colorado Rockies,144,77,67
1995,DET,Detroit Tigers,144,60,84
1995,FLO,Florida Marlins,143,67,76
1995,HOU,Houston Astros,144,76,68
1995,KCA,Kansas City Royals,144,70,74
1995,LAN,Los Angeles Dodgers,144,78,66
1995,MIN,Minnesota Twins,144,56,88
1995,ML4,Milwaukee Brewers,144,65,79
1995,MON,Montreal Expos,144,66,78
1995,NYA,New York Yankees,145,79,65
1995,NYN,New York Mets,144,69,75
1995,OAK,Oakland Athletics,144,67,77
1995,PHI,Philadelphia Phillies,144,69,75
1995,PIT,Pittsburgh Pirates,144,58,86
1995,SDN,San Diego Padres,144,70,74
1995,SEA,Seattle Mariners,145,79,66
1995,SFN,San Francisco Giants,144,67,77
1995,SLN,St. Louis Cardinals,143,62,81
1995,TEX,Texas Rangers,144,74,70
1995,TOR,Toronto Blue Jays,144,56,88
1996,ATL,Atlanta Braves,162,96,66
1996,BAL,Baltimore Orioles,163,88,74
1996,BOS,Boston Red Sox,162,85,77
1996,CAL,California Angels,161,70,91
1996,CHA,Chicago White Sox,162,85,77
1996,CHN,Chicago Cubs,162,76,86
1996,CIN,Cincinnati Reds,162,81,81
1996,CLE,Cleveland Indians,161,99,62
1996,COL,Colorado Rockies,162,83,79
1996,DET,Detroit Tigers,162,53,109
1996,FLO,Florida Marlins,162,80,82
1996,HOU,Houston Astros,162,82,80
1996,KCA,Kansas City Royals,161,75,86
1996,LAN,Los Angeles Dodgers,162,90,72
1996,MIN,Minnesota Twins,162,78,84
1996,ML4,Milwaukee Brewers,162,80,82
1996,MON,Montreal Expos,162,88,74
1996,NYA,New York Yankees,162,92,70
1996,NYN,New York Mets,162,71,91
1996,OAK,Oakland Athletics,162,78,84
1996,PHI,Philadelphia Phillies,162,67,95
1996,PIT,Pittsburgh Pirates,162,73,89
1996,SDN,San Diego Padres,162,91,71
1996,SEA,Seattle Mariners,161,85,76
1996,SFN,San Francisco Giants,162,68,94
1996,SLN,St. Louis Cardinals,162,88,74
1996,TEX,Texas Rangers,163,90,72
1996,TOR,Toronto Blue Jays,162,74,88
1997,ANA,Anaheim Angels,162,84,78
1997,ATL,Atlanta Braves,162,101,61
1997,BAL,Baltimore Orioles,162,98,64
1997,BOS,Boston Red Sox,162,78,84
1997,CHA,Chicago White Sox,161,80,81
1997,CHN,Chicago Cubs,162,68,94
1997,CIN,Cincinnati Reds,162,76,86
1997,CLE,Cleveland Indians,161,86,75
1997,COL,Colorado Rockies,162,83,79
1997,DET,Detroit Tigers,162,79,83
1997,FLO,Florida Marlins,162,92,70
1997,HOU,Houston Astros,162,84,78
1997,KCA,Kansas City Royals,161,67,94
1997,LAN,Los Angeles Dodgers,162,88,74
1997,MIN,Minnesota Twins,162,68,94
1997,ML4,Milwaukee Brewers,161,78,83
1997,MON,Montreal Expos,162,78,84
1997,NYA,New York Yankees,162,96,66
1997,NYN,New York Mets,162,88,74
1997,OAK,Oakland Athletics,162,65,97
1997,PHI,Philadelphia Phillies,162,68,94
1997,PIT,Pittsburgh Pirates,162,79,83
1997,SDN,San Diego Padres,162,76,86
1997,SEA,Seattle Mariners,162,90,72
1997,SFN,San Francisco Giants,162,90,72
1997,SLN,St. Louis Cardinals,162,73,89
1997,TEX,Texas Rangers,162,77,85
1997,TOR,Toronto Blue Jays,162,76,86
1998,ANA,Anaheim Angels,162,85,77
1998,ARI,Arizona Diamondbacks,162,65,97
1998,ATL,Atlanta Braves,162,106,56
1998,BAL,Baltimore Orioles,162,79,83
1998,BOS,Boston Red Sox,162,92,70
1998,CHA,Chicago White Sox,163,80,82
1998,CHN,Chicago Cubs,163,90,73
1998,CIN,Cincinnati Reds,162,77,85
1998,CLE,Cleveland Indians,162,89,73
1998,COL,Colorado Rockies,162,77,85
1998,DET,Detroit Tigers,162,65,97
1998,FLO,Florida Marlins,162,54,108
1998,HOU,Houston Astros,162,102,60
1998,KCA,Kansas City Royals,161,72,89
1998,LAN,Los Angeles Dodgers,162,83,79
1998,MIL,Milwaukee Brewers,162,74,88
1998,MIN,Minnesota Twins,162,70,92
1998,MON,Montreal Expos,162,65,97
1998,NYA,New York Yankees,162,114,48
1998,NYN,New York Mets,162,88,74
1998,OAK,Oakland Athletics,162,74,88
1998,PHI,Philadelphia Phillies,162,75,87
1998,PIT,Pittsburgh Pirates,163,69,93
1998,SDN,San Diego Padres,162,98,64
1998,SEA,Seattle Mariners,161,76,85
1998,SFN,San Francisco Giants,163,89,74
1998,SLN,St. Louis Cardinals,163,83,79
1998,TBA,Tampa Bay Devil Rays,162,63,99
1998,TEX,Texas Rangers,162,88,74
1998,TOR,Toronto Blue Jays,163,88,74
1999,ANA,Anaheim Angels,162,70,92
1999,ARI,Arizona Diamondbacks,162,100,62
1999,ATL,Atlanta Braves,162,103,59
1999,BAL,Baltimore Orioles,162,78,84
1999,BOS,Boston Red Sox,162,94,68
1999,CHA,Chicago White Sox,162,75,86
1999,CHN,Chicago Cubs,162,67,95
1999,CIN,Cincinnati Reds,163,96,67
1999,CLE,Cleveland Indians,162,97,65
1999,COL,Colorado Rockies,162,72,90
1999,DET,Detroit Tigers,161,69,92
1999,FLO,Florida Marlins,162,64,98
1999,HOU,Houston Astros,162,97,65
1999,KCA,Kansas City Royals,161,64,97
1999,LAN,Los Angeles Dodgers,162,77,85
1999,MIL,Milwaukee Brewers,161,74,87
1999,MIN,Minnesota Twins,161,63,97
1999,MON,Montreal Expos,162,68,94
1999,NYA,New York Yankees,162,98,64
1999,NYN,New York Mets,163,97,66
1999,OAK,Oakland Athletics,162,87,75
1999,PHI,Philadelphia Phillies,162,77,85
1999,PIT,Pittsburgh Pirates,161,78,83
1999,SDN,San Diego Padres,162,74,88
1999,SEA,Seattle Mariners,162,79,83
1999,SFN,San Francisco Giants,162,86,76
1999,SLN,St. Louis Cardinals,161,75,86
1999,TBA,Tampa Bay Devil Rays,162,69,93
1999,TEX,Texas Rangers,162,95,67
1999,TOR,Toronto Blue Jays,162,84,78
2000,ANA,Anaheim Angels,162,82,80
2000,ARI,Arizona Diamondbacks,162,85,77
2000,ATL,Atlanta Braves,162,95,67
2000,BAL,Baltimore Orioles,162,74,88
2000,BOS,Boston Red Sox,162,85,77
2000,CHA,Chicago White Sox,162,95,67
2000,CHN,Chicago Cubs,162,65,97
2000,CIN,Cincinnati Reds,163,85,77
2000,CLE,Cleveland Indians,162,90,72
2000,COL,Colorado Rockies,162,82,80
2000,DET,Detroit Tigers,162,79,83
2000,FLO,Florida Marlins,161,79,82
2000,HOU,Houston Astros,162,72,90
2000,KCA,Kansas City Royals,162,77,85
2000,LAN,Los Angeles Dodgers,162,86,76
2000,MIL,Milwaukee Brewers,163,73,89
2000,MIN,Minnesota Twins,162,69,93
2000,MON,Montreal Expos,162,67,95
2000,NYA,New York Yankees,161,87,74
2000,NYN,New York Mets,162,94,68
2000,OAK,Oakland Athletics,161,91,70
2000,PHI,Philadelphia Phillies,162,65,97
2000,PIT,Pittsburgh Pirates,162,69,93
2000,SDN,San Diego Padres,162,76,86
2000,SEA,Seattle Mariners,162,91,71
2000,SFN,San Francisco Giants,162,97,65
2000,SLN,St. Louis Cardinals,162,95,67
2000,TBA,Tampa Bay Devil Rays,161,69,92
2000,TEX,Texas Rangers,162,71,91
2000,TOR,Toronto Blue Jays,162,83,79
2001,ANA,Anaheim Angels,162,75,87
2001,ARI,Arizona Diamondbacks,162,92,70
2001,ATL,Atlanta Braves,162,88,74
2001,BAL,Baltimore Orioles,162,63,98
2001,BOS,Boston Red Sox,161,82,79
2001,CHA,Chicago White Sox,162,83,79
2001,CHN,Chicago Cubs,162,88,74
2001,CIN,Cincinnati Reds,162,66,96
2001,CLE,Cleveland Indians,162,91,71
2001,COL,Colorado Rockies,162,73,89
2001,DET,Detroit Tigers,162,66,96
2001,FLO,Florida Marlins,162,76,86
2001,HOU,Houston Astros,162,93,69
2001,KCA,Kansas City Royals,162,65,97
2001,LAN,Los Angeles Dodgers,162,86,76
2001,MIL,Milwaukee Brewers,162,68,94
2001,MIN,Minnesota Twins,162,85,77
2001,MON,Montreal Expos,162,68,94
2001,NYA,New York Yankees,161,95,65
2001,NYN,New York Mets,162,82,80
2001,OAK,Oakland Athletics,162,102,60
2001,PHI,Philadelphia Phillies,162,86,76
2001,PIT,Pittsburgh Pirates,162,62,100
2001,SDN,San Diego Padres,162,79,83
2001,SEA,Seattle Mariners,162,116,46
2001,SFN,San Francisco Giants,162,90,72
2001,SLN,St. Louis Cardinals,162,93,69
2001,TBA,Tampa Bay Devil Rays,162,62,100
2001,TEX,Texas Rangers,162,73,89
2001,TOR,Toronto Blue Jays,162,80,82
2002,ANA,Anaheim Angels,162,99,63
2002,ARI,Arizona Diamondbacks,162,98,64
2002,ATL,Atlanta Braves,161,101,59
2002,BAL,Baltimore Orioles,162,67,95
2002,BOS,Boston Red Sox,162,93,69
2002,CHA,Chicago White Sox,162,81,81
2002,CHN,Chicago Cubs,162,67,95
2002,CIN,Cincinnati Reds,162,78,84
2002,CLE,Cleveland Indians,162,74,88
2002,COL,Colorado Rockies,162,73,89
2002,DET,Detroit Tigers,161,55,106
2002,FLO,Florida Marlins,162,79,83
2002,HOU,Houston Astros,162,84,78
2002,KCA,Kansas City Royals,162,62,100
2002,LAN,Los Angeles Dodgers,162,92,70
2002,MIL,Milwaukee Brewers,162,56,106
2002,MIN,Minnesota Twins,161,94,67
2002,MON,Montreal Expos,162,83,79
2002,NYA,New York Yankees,161,103,58
2002,NYN,New York Mets,161,75,86
2002,OAK,Oakland Athletics,162,103,59
2002,PHI,Philadelphia Phillies,161,80,81
2002,PIT,Pittsburgh Pirates,161,72,89
2002,SDN,San Diego Padres,162,66,96
2002,SEA,Seattle Mariners,162,93,69
2002,SFN,San Francisco Giants,162,95,66
2002,SLN,St. Louis Cardinals,162,97,65
2002,TBA,Tampa Bay Devil Rays,161,55,106
2002,TEX,Texas Rangers,162,72,90
2002,TOR,Toronto Blue Jays,162,78,84
2003,ANA,Anaheim Angels,162,77,85
2003,ARI,Arizona Diamondbacks,162,84,78
2003,ATL,Atlanta Braves,162,101,61
2003,BAL,Baltimore Orioles,163,71,91
2003,BOS,Boston Red Sox,162,95,67
2003,CHA,Chicago White Sox,162,86,76
2003,CHN,Chicago Cubs,162,88,74
2003,CIN,Cincinnati Reds,162,69,93
2003,CLE,Cleveland Indians,162,68,94
2003,COL,Colorado Rockies,162,74,88
2003,DET,Detroit Tigers,162,43,119
2003,FLO,Florida Marlins,162,91,71
2003,HOU,Houston Astros,162,87,75
2003,KCA,Kansas City Royals,162,83,79
2003,LAN,Los Angeles Dodgers,162,85,77
2003,MIL,Milwaukee Brewers,162,68,94
2003,MIN,Minnesota Twins,162,90,72
2003,MON,Montreal Expos,162,83,79
2003,NYA,New York Yankees,163,101,61
2003,NYN,New York Mets,161,66,95
2003,OAK,Oakland Athletics,162,96,66
2003,PHI,Philadelphia Phillies,162,86,76
2003,PIT,Pittsburgh Pirates,162,75,87
2003,SDN,San Diego Padres,162,64,98
2003,SEA,Seattle Mariners,162,93,69
2003,SFN,San Francisco Giants,161,100,61
2003,SLN,St. Louis Cardinals,162,85,77
2003,TBA,Tampa Bay Devil Rays,162,63,99
2003,TEX,Texas Rangers,162,71,91
2003,TOR,Toronto Blue Jays,162,86,76
2004,ANA,Anaheim Angels,162,92,70
2004,ARI,Arizona Diamondbacks,162,51,111
2004,ATL,Atlanta Braves,162,96,66
2004,BAL,Baltimore Orioles,162,78,84
2004,BOS,Boston Red Sox,162,98,64
2004,CHA,Chicago White Sox,162,83,79
2004,CHN,Chicago Cubs,162,89,73
2004,CIN,Cincinnati Reds,162,76,86
2004,CLE,Cleveland Indians,162,80,82
2004,COL,Colorado Rockies,162,68,94
2004,DET,Detroit Tigers,162,72,90
2004,FLO,Florida Marlins,162,83,79
2004,HOU,Houston Astros,162,92,70
2004,KCA,Kansas City Royals,162,58,104
2004,LAN,Los Angeles Dodgers,162,93,69
2004,MIL,Milwaukee Brewers,161,67,94
2004,MIN,Minnesota Twins,162,92,70
2004,MON,Montreal Expos,162,67,95
2004,NYA,New York Yankees,162,101,61
2004,NYN,New York Mets,162,71,91
2004,OAK,Oakland Athletics,162,91,71
2004,PHI,Philadelphia Phillies,162,86,76
2004,PIT,Pittsburgh Pirates,161,72,89
2004,SDN,San Diego Padres,162,87,75
2004,SEA,Seattle Mariners,162,63,99
2004,SFN,San Francisco Giants,162,91,71
2004,SLN,St. Louis Cardinals,162,105,57
2004,TBA,Tampa Bay Devil Rays,161,70,91
2004,TEX,Texas Rangers,162,89,73
2004,TOR,Toronto Blue Jays,161,67,94
2005,ARI,Arizona Diamondbacks,162,77,85
2005,ATL,Atlanta Braves,162,90,72
2005,BAL,Baltimore Orioles,162,74,88
2005,BOS,Boston Red Sox,162,95,67
2005,CHA,Chicago White Sox,162,99,63
2005,CHN,Chicago Cubs,162,79,83
2005,CIN,Cincinnati Reds,163,73,89
2005,CLE,Cleveland Indians,162,93,69
2005,COL,Colorado Rockies,162,67,95
2005,DET,Detroit Tigers,162,71,91
2005,FLO,Florida Marlins,162,83,79
2005,HOU,Houston Astros,163,89,73
2005,KCA,Kansas City Royals,162,56,106
2005,LAA,Los Angeles Angels of Anaheim,162,95,67
2005,LAN,Los Angeles Dodgers,162,71,91
2005,MIL,Milwaukee Brewers,162,81,81
2005,MIN,Minnesota Twins,162,83,79
2005,NYA,New York Yankees,162,95,67
2005,NYN,New York Mets,162,83,79
2005,OAK,Oakland Athletics,162,88,74
2005,PHI,Philadelphia Phillies,162,88,74
2005,PIT,Pittsburgh Pirates,162,67,95
2005,SDN,San Diego Padres,162,82,80
2005,SEA,Seattle Mariners,162,69,93
2005,SFN,San Francisco Giants,162,75,87
2005,SLN,St. Louis Cardinals,162,100,62
2005,TBA,Tampa Bay Devil Rays,162,67,95
2005,TEX,Texas Rangers,162,79,83
2005,TOR,Toronto Blue Jays,162,80,82
2005,WAS,Washington Nationals,162,81,81
2006,ARI,Arizona Diamondbacks,162,76,86
2006,ATL,Atlanta Braves,162,79,83
2006,BAL,Baltimore Orioles,162,70,92
2006,BOS,Boston Red Sox,162,86,76
2006,CHA,Chicago White Sox,162,90,72
2006,CHN,Chicago Cubs,162,66,96
2006,CIN,Cincinnati Reds,162,80,82
2006,CLE,Cleveland Indians,162,78,84
2006,COL,Colorado Rockies,162,76,86
2006,DET,Detroit Tigers,162,95,67
2006,FLO,Florida Marlins,162,78,84
2006,HOU,Houston Astros,162,82,80
2006,KCA,Kansas City Royals,162,62,100
2006,LAA,Los Angeles Angels of Anaheim,162,89,73
2006,LAN,Los Angeles Dodgers,162,88,74
2006,MIL,Milwaukee Brewers,162,75,87
2006,MIN,Minnesota Twins,162,96,66
2006,NYA,New York Yankees,162,97,65
2006,NYN,New York Mets,162,97,65
2006,OAK,Oakland Athletics,162,93,69
2006,PHI,Philadelphia Phillies,162,85,77
2006,PIT,Pittsburgh Pirates,162,67,95
2006,SDN,San Diego Padres,162,88,74
2006,SEA,Seattle Mariners,162,78,84
2006,SFN,San Francisco Giants,161,76,85
2006,SLN,St. Louis Cardinals,161,83,78
2006,TBA,Tampa Bay Devil Rays,162,61,101
2006,TEX,Texas Rangers,162,80,82
2006,TOR,Toronto Blue Jays,162,87,75
2006,WAS,Washington Nationals,162,71,91
2007,ARI,Arizona Diamondbacks,162,90,72
2007,ATL,Atlanta Braves,162,84,78
2007,BAL,Baltimore Orioles,162,69,93
2007,BOS,Boston Red Sox,162,96,66
2007,CHA,Chicago White Sox,162,72,90
2007,CHN,Chicago Cubs,162,85,77
2007,CIN,Cincinnati Reds,162,72,90
2007,CLE,Cleveland Indians,162,96,66
2007,COL,Colorado Rockies,163,90,73
2007,DET,Detroit Tigers,162,88,74
2007,FLO,Florida Marlins,162,71,91
2007,HOU,Houston Astros,162,73,89
2007,KCA,Kansas City Royals,162,69,93
2007,LAA,Los Angeles Angels of Anaheim,162,94,68
2007,LAN,Los Angeles Dodgers,162,82,80
2007,MIL,Milwaukee Brewers,162,83,79
2007,MIN,Minnesota Twins,162,79,83
2007,NYA,New York Yankees,162,94,68
2007,NYN,New York Mets,162,88,74
2007,OAK,Oakland Athletics,162,76,86
2007,PHI,Philadelphia Phillies,162,89,73
2007,PIT,Pittsburgh Pirates,162,68,94
2007,SDN,San Diego Padres,163,89,74
2007,SEA,Seattle Mariners,162,88,74
2007,SFN,San Francisco Giants,162,71,91
2007,SLN,St. Louis Cardinals,162,78,84
2007,TBA,Tampa Bay Devil Rays,162,66,96
2007,TEX,Texas Rangers,162,75,87
2007,TOR,Toronto Blue Jays,162,83,79
2007,WAS,Washington Nationals,162,73,89
2008,ARI,Arizona Diamondbacks,162,82,80
2008,ATL,Atlanta Braves,162,72,90
2008,BAL,Baltimore Orioles,161,68,93
2008,BOS,Boston Red Sox,162,95,67
2008,CHA,Chicago White Sox,163,89,74
2008,CHN,Chicago Cubs,161,97,64
2008,CIN,Cincinnati Reds,162,74,88
2008,CLE,Cleveland Indians,162,81,81
2008,COL,Colorado Rockies,162,74,88
2008,DET,Detroit Tigers,162,74,88
2008,FLO,Florida Marlins,161,84,77
2008,HOU,Houston Astros,161,86,75
2008,KCA,Kansas City Royals,162,75,87
2008,LAA,Los Angeles Angels of Anaheim,162,100,62
2008,LAN,Los Angeles Dodgers,162,84,78
2008,MIL,Milwaukee Brewers,162,90,72
2008,MIN,Minnesota Twins,163,88,75
2008,NYA,New York Yankees,162,89,73
2008,NYN,New York Mets,162,89,73
2008,OAK,Oakland Athletics,161,75,86
2008,PHI,Philadelphia Phillies,162,92,70
2008,PIT,Pittsburgh Pirates,162,67,95
2008,SDN,San Diego Padres,162,63,99
2008,SEA,Seattle Mariners,162,61,101
2008,SFN,San Francisco Giants,162,72,90
2008,SLN,St. Louis Cardinals,162,86,76
2008,TBA,Tampa Bay Rays,162,97,65
2008,TEX,Texas Rangers,162,79,83
2008,TOR,Toronto Blue Jays,162,86,76
2008,WAS,Washington Nationals,161,59,102
2009,ARI,Arizona Diamondbacks,162,70,92
2009,ATL,Atlanta Braves,162,86,76
2009,BAL,Baltimore Orioles,162,64,98
2009,BOS,Boston Red Sox,162,95,67
2009,CHA,Chicago White Sox,162,79,83
2009,CHN,Chicago Cubs,161,83,78
2009,CIN,Cincinnati Reds,162,78,84
2009,CLE,Cleveland Indians,162,65,97
2009,COL,Colorado Rockies,162,92,70
2009,DET,Detroit Tigers,163,86,77
2009,FLO,Florida Marlins,162,87,75
2009,HOU,Houston Astros,162,74,88
2009,KCA,Kansas City Royals,162,65,97
2009,LAA,Los Angeles Angels of Anaheim,162,97,65
2009,LAN,Los Angeles Dodgers,162,95,67
2009,MIL,Milwaukee Brewers,162,80,82
2009,MIN,Minnesota Twins,163,87,76
2009,NYA,New York Yankees,162,103,59
2009,NYN,New York Mets,162,70,92
2009,OAK,Oakland Athletics,162,75,87
2009,PHI,Philadelphia Phillies,162,93,69
2009,PIT,Pittsburgh Pirates,161,62,99
2009,SDN,San Diego Padres,162,75,87
2009,SEA,Seattle Mariners,162,85,77
2009,SFN,San Francisco Giants,162,88,74
2009,SLN,St. Louis Cardinals,162,91,71
2009,TBA,Tampa Bay Rays,162,84,78
2009,TEX,Texas Rangers,162,87,75
2009,TOR,Toronto Blue Jays,162,75,87
2009,WAS,Washington Nationals,162,59,103
2010,ARI,Arizona Diamondbacks,162,65,97
2010,ATL,Atlanta Braves,162,91,71
2010,BAL,Baltimore Orioles,162,66,96
2010,BOS,Boston Red Sox,162,89,73
2010,CHA,Chicago White Sox,162,88,74
2010,CHN,Chicago Cubs,162,75,87
2010,CIN,Cincinnati Reds,162,91,71
2010,CLE,Cleveland Indians,162,69,93
2010,COL,Colorado Rockies,162,83,79
2010,DET,Detroit Tigers,162,81,81
2010,FLO,Florida Marlins,162,80,82
2010,HOU,Houston Astros,162,76,86
2010,KCA,Kansas City Royals,162,67,95
2010,LAA,Los Angeles Angels of Anaheim,162,80,82
2010,LAN,Los Angeles Dodgers,162,80,82
2010,MIL,Milwaukee Brewers,162,77,85
2010,MIN,Minnesota Twins,162,94,68
2010,NYA,New York Yankees,162,95,67
2010,NYN,New York Mets,162,79,83
2010,OAK,Oakland Athletics,162,81,81
2010,PHI,Philadelphia Phillies,162,97,65
2010,PIT,Pittsburgh Pirates,162,57,105
2010,SDN,San Diego Padres,162,90,72
2010,SEA,Seattle Mariners,162,61,101
2010,SFN,San Francisco Giants,162,92,70
2010,SLN,St. Louis Cardinals,162,86,76
2010,TBA,Tampa Bay Rays,162,96,66
2010,TEX,Texas Rangers,162,90,72
2010,TOR,Toronto Blue Jays,162,85,77
2010,WAS,Washington Nationals,162,69,93
2011,ARI,Arizona Diamondbacks,162,94,68
2011,ATL,Atlanta Braves,162,89,73
2011,BAL,Baltimore Orioles,162,69,93
2011,BOS,Boston Red Sox,162,90,72
2011,CHA,Chicago White Sox,162,79,83
2011,CHN,Chicago Cubs,162,71,91
2011,CIN,Cincinnati Reds,162,79,83
2011,CLE,Cleveland Indians,162,80,82
2011,COL,Colorado Rockies,162,73,89
2011,DET,Detroit Tigers,162,95,67
2011,FLO,Florida Marlins,162,72,90
2011,HOU,Houston Astros,162,56,106
2011,KCA,Kansas City Royals,162,71,91
2011,LAA,Los Angeles Angels of Anaheim,162,86,76
2011,LAN,Los Angeles Dodgers,161,82,79
2011,MIL,Milwaukee Brewers,162,96,66
2011,MIN,Minnesota Twins,162,63,99
2011,NYA,New York Yankees,162,97,65
2011,NYN,New York Mets,162,77,85
2011,OAK,Oakland Athletics,162,74,88
2011,PHI,Philadelphia Phillies,162,102,60
2011,PIT,Pittsburgh Pirates,162,72,90
2011,SDN,San Diego Padres,162,71,91
2011,SEA,Seattle Mariners,162,67,95
2011,SFN,San Francisco Giants,162,86,76
2011,SLN,St. Louis Cardinals,162,90,72
2011,TBA,Tampa Bay Rays,162,91,71
2011,TEX,Texas Rangers,162,96,66
2011,TOR,Toronto Blue Jays,162,81,81
2011,WAS,Washington Nationals,161,80,81
2012,ARI,Arizona Diamondbacks,162,81,81
2012,ATL,Atlanta Braves,162,94,68
2012,BAL,Baltimore Orioles,162,93,69
2012,BOS,Boston Red Sox,162,69,93
2012,CHA,Chicago White Sox,162,85,77
2012,CHN,Chicago Cubs,162,61,101
2012,CIN,Cincinnati Reds,162,97,65
2012,CLE,Cleveland Indians,162,68,94
2012,COL,Colorado Rockies,162,64,98
2012,DET,Detroit Tigers,162,88,74
2012,HOU,Houston Astros,162,55,107
2012,KCA,Kansas City Royals,162,72,90
2012,LAA,Los Angeles Angels of Anaheim,162,89,73
2012,LAN,Los Angeles Dodgers,162,86,76
2012,MIA,Miami Marlins,162,69,93
2012,MIL,Milwaukee Brewers,162,83,79
2012,MIN,Minnesota Twins,162,66,96
2012,NYA,New York Yankees,162,95,67
2012,NYN,New York Mets,162,74,88
2012,OAK,Oakland Athletics,162,94,68
2012,PHI,Philadelphia Phillies,162,81,81
2012,PIT,Pittsburgh Pirates,162,79,83
2012,SDN,San Diego Padres,162,76,86
2012,SEA,Seattle Mariners,162,75,87
2012,SFN,San Francisco Giants,162,94,68
2012,SLN,St. Louis Cardinals,162,88,74
2012,TBA,Tampa Bay Rays,162,90,72
2012,TEX,Texas Rangers,162,93,69
2012,TOR,Toronto Blue Jays,162,73,89
2012,WAS,Washington Nationals,162,98,64
2013,ARI,Arizona Diamondbacks,162,81,81
2013,ATL,Atlanta Braves,162,96,66
2013,BAL,Baltimore Orioles,162,85,77
2013,BOS,Boston Red Sox,162,97,65
2013,CHA,Chicago White Sox,162,63,99
2013,CHN,Chicago Cubs,162,66,96
2013,CIN,Cincinnati Reds,162,90,72
2013,CLE,Cleveland Indians,162,92,70
2013,COL,Colorado Rockies,162,74,88
2013,DET,Detroit Tigers,162,93,69
2013,HOU,Houston Astros,162,51,111
2013,KCA,Kansas City Royals,162,86,76
2013,LAA,Los Angeles Angels of Anaheim,162,78,84
2013,LAN,Los Angeles Dodgers,162,92,70
2013,MIA,Miami Marlins,162,62,100
2013,MIL,Milwaukee Brewers,162,74,88
2013,MIN,Minnesota Twins,162,66,96
2013,NYA,New York Yankees,162,85,77
2013,NYN,New York Mets,162,74,88
2013,OAK,Oakland Athletics,162,96,66
2013,PHI,Philadelphia Phillies,162,73,89
2013,PIT,Pittsburgh Pirates,162,94,68
2013,SDN,San Diego Padres,162,76,86
2013,SEA,Seattle Mariners,162,71,91
2013,SFN,San Francisco Giants,162,76,86
2013,SLN,St. Louis Cardinals,162,97,65
2013,TBA,Tampa Bay Rays,163,92,71
2013,TEX,Texas Rangers,163,91,72
2013,TOR,Toronto Blue Jays,162,74,88
2013,WAS,Washington Nationals,162,86,76
2014,ARI,Arizona Diamondbacks,162,64,98
2014,ATL,Atlanta Braves,162,79,83
2014,BAL,Baltimore Orioles,162,96,66
2014,BOS,Boston Red Sox,162,71,91
2014,CHA,Chicago White Sox,162,73,89
2014,CHN,Chicago Cubs,162,73,89
2014,CIN,Cincinnati Reds,162,76,86
2014,CLE,Cleveland Indians,162,85,77
2014,COL,Colorado Rockies,162,66,96
2014,DET,Detroit Tigers,162,90,72
2014,HOU,Houston Astros,162,70,92
2014,KCA,Kansas City Royals,162,89,73
2014,LAA,Los Angeles Angels of Anaheim,162,98,64
2014,LAN,Los Angeles Dodgers,162,94,68
2014,MIA,Miami Marlins,162,77,85
2014,MIL,Milwaukee Brewers,162,82,80
2014,MIN,Minnesota Twins,162,70,92
2014,NYA,New York Yankees,162,84,78
2014,NYN,New York Mets,162,79,83
2014,OAK,Oakland Athletics,162,88,74
2014,PHI,Philadelphia Phillies,162,73,89
2014,PIT,Pittsburgh Pirates,162,88,74
2014,SDN,San Diego Padres,162,77,85
2014,SEA,Seattle Mariners,162,87,75
2014,SFN,San Francisco Giants,162,88,74
2014,SLN,St. Louis Cardinals,162,90,72
2014,TBA,Tampa Bay Rays,162,77,85
2014,TEX,Texas Rangers,162,67,95
2014,TOR,Toronto Blue Jays,162,83,79
2014,WAS,Washington Nationals,162,96,66
2015,KCA,Kansas City Royals,162,95,67
2015,MIN,Minnesota Twins,162,83,79
2015,CLE,Cleveland Indians,161,81,80
2015,CHA,Chicago White Sox,162,76,86
2015,DET,Detroit Tigers,161,74,87
2015,TOR,Toronto Blue Jays,162,93,69
2015,NYA,New York Yankees,162,87,75
2015,BAL,Baltimore Orioles,162,81,81
2015,TBA,Tampa Bay Rays,162,80,82
2015,BOS,Boston Red Sox,162,78,84
2015,TEX,Texas Rangers,162,88,74
2015,HOU,Houston Astros,162,86,76
2015,LAA,Los Angeles Angels of Anaheim,162,85,77
2015,SEA,Seattle Mariners,162,76,86
2015,OAK,Oakland Athletics,162,68,94
2015,SLN,St. Louis Cardinals,162,100,62
2015,PIT,Pittsburgh Pirates,162,98,64
2015,CHN,Chicago Cubs,162,97,65
2015,MIL,Milwaukee Brewers,162,68,94
2015,CIN,Cincinnati Reds,162,64,98
2015,NYN,New York Mets,162,90,72
2015,WAS,Washington Nationals,162,83,79
2015,MIA,Miami Marlins,162,71,91
2015,ATL,Atlanta Braves,162,67,95
2015,PHI,Philadelphia Phillies,162,63,99
2015,LAN,Los Angeles Dodgers,162,92,70
2015,SFN,San Francisco Giants,162,84,78
2015,ARI,Arizona Diamondbacks,162,79,83
2015,SDN,San Diego Padres,162,74,88
2015,COL,Colorado Rockies,162,68,94
